insert into dimension (id,dimension_description) values (1, "Functionality Stability");
insert into dimension (id,dimension_description) values (2, "Reliability");
insert into dimension (id,dimension_description) values (3, "Performance Efficiency");
insert into dimension (id,dimension_description) values (4, "Usability");
insert into dimension (id,dimension_description) values (5, "Security");
insert into dimension (id,dimension_description) values (6, "Compatibility");
insert into dimension (id,dimension_description) values (7, "Maintainability");
insert into dimension (id,dimension_description) values (8, "Transferability");

insert into sub_dimension(sub_dimension_id, description, dimension_id) values (1, "Completeness", 1);
insert into sub_dimension(sub_dimension_id, description, dimension_id) values (2, "Correctness", 1);
insert into sub_dimension(sub_dimension_id, description, dimension_id) values (3, "Appropriateness", 1);
insert into sub_dimension(sub_dimension_id, description, dimension_id) values (4, "Maturity", 2);
insert into sub_dimension(sub_dimension_id, description, dimension_id) values (5, "Availability", 2);
insert into sub_dimension(sub_dimension_id, description, dimension_id) values (6, "Fault Tolerance", 2);
insert into sub_dimension(sub_dimension_id, description, dimension_id) values (7, "Recoverability", 2);
insert into sub_dimension(sub_dimension_id, description, dimension_id) values (8, "Time Behaviour", 3);
insert into sub_dimension(sub_dimension_id, description, dimension_id) values (9, "Resource Utilization", 3);
insert into sub_dimension(sub_dimension_id, description, dimension_id) values (10, "Capacity", 3);
insert into sub_dimension(sub_dimension_id, description, dimension_id) values (11, "Appropriateness Recognizability", 4);
insert into sub_dimension(sub_dimension_id, description, dimension_id) values (12, "Learnability", 4);
insert into sub_dimension(sub_dimension_id, description, dimension_id) values (13, "Operability", 4);
insert into sub_dimension(sub_dimension_id, description, dimension_id) values (14, "User Error Protection", 4);
insert into sub_dimension(sub_dimension_id, description, dimension_id) values (15, "User Interface", 4);
insert into sub_dimension(sub_dimension_id, description, dimension_id) values (16, "User Interface Aesthetics", 4);
insert into sub_dimension(sub_dimension_id, description, dimension_id) values (17, "Accessibility", 4);
insert into sub_dimension(sub_dimension_id, description, dimension_id) values (18, "Confidentiality", 5);
insert into sub_dimension(sub_dimension_id, description, dimension_id) values (19, "Integrity", 5);
insert into sub_dimension(sub_dimension_id, description, dimension_id) values (20, "Non Repudiation", 5);
insert into sub_dimension(sub_dimension_id, description, dimension_id) values (21, "Accountability", 5);
insert into sub_dimension(sub_dimension_id, description, dimension_id) values (22, "Authenticity", 5);
insert into sub_dimension(sub_dimension_id, description, dimension_id) values (23, "Coexistence", 6);
insert into sub_dimension(sub_dimension_id, description, dimension_id) values (24, "Interoperability", 6);
insert into sub_dimension(sub_dimension_id, description, dimension_id) values (25, "Modularity", 7);
insert into sub_dimension(sub_dimension_id, description, dimension_id) values (26, "Reusability", 7);
insert into sub_dimension(sub_dimension_id, description, dimension_id) values (27, "Analysability", 7);
insert into sub_dimension(sub_dimension_id, description, dimension_id) values (28, "Modifiability", 7);
insert into sub_dimension(sub_dimension_id, description, dimension_id) values (29, "Testability", 7);
insert into sub_dimension(sub_dimension_id, description, dimension_id) values (30, "Adaptability", 8);
insert into sub_dimension(sub_dimension_id, description, dimension_id) values (31, "Installability", 8);
insert into sub_dimension(sub_dimension_id, description, dimension_id) values (32, "Replaceability", 8);

insert into role (id, role_code, role_name) values(1, 'PM','MANAGER');
insert into role (id, role_code, role_name) values(2, 'AU','AUDITEE');
insert into role (id, role_code, role_name) values(3, 'AD','ADMIN');

insert into user (id, username, display_name, is_active,  encryp_password, role_id) values (1, '10659478','Sukumar','Y','10659478',2);
insert into user (id, username, display_name, is_active,  encryp_password, role_id) values (2, '10657493','Thyagarajan','Y','10657493',2);
insert into user (id, username, display_name, is_active,  encryp_password, role_id) values (3, '10657477','Rohini','Y','10657477',2);
insert into user (id, username, display_name, is_active, encryp_password, role_id) values (4, '10659914','Dilli','Y','10659914',1);
insert into user (id, username, display_name, is_active,  encryp_password, role_id) values (5, '10658644','Sivakumar','Y','10658644',1);

insert into project(id, name, MANAGER_ID, frequency) values (1, 'RTC - Demo', 5, 'MONTHLY');
insert into project(id, name, MANAGER_ID, frequency) values (2, 'RTC - Portal', 5, 'ANNUAL');
insert into project(id, name, MANAGER_ID, frequency) values (3, 'Mit Id', 5, 'BI_ANNUAL');
insert into project(id, name, MANAGER_ID, frequency) values (4, 'Concardis', 4, 'WEEKLY');
insert into project(id, name, MANAGER_ID, frequency) values (5, 'CITI', 4, 'ONCE_IN_THREE_MONTHS');

INSERT INTO questions VALUES (1,'Y','Does the application adapt to all hardware,software ?',30),(2,'Y','Does the application adapt to all software platform ?',30),(3,'Y','Does the application adapt  to all standard language?',30),(4,'Y','Are concurrent users are able to access the software?',30),(5,'Y','Does the technology exist to develop all elements of the system?',30),(6,'Y','Does the system rely on proven technologies?',30),(7,'Y','Are function and performance assured?',30),(8,'Y','Can the configuration be adequately maintained?',30),(9,'Y','What is the risk associated with the Adaptability?',30),(10,'Y','Does a failure of adaption on every field cause a sensible user error message?',30),(11,'Y','Is the system  required to add any component in order to adapt to a new software?',30),(12,'Y','Have any product got  adaptation  rules and if so are all rules being applied?	\"',30),(13,'Y','Have all the dependices been put in the developing software in order to adapt in all environments?',30),(14,'Y','External and internal  memory are provided  properly using memoy management ?',30),(15,'Y','Does the application using the common communication channel to improve adaptability?',30),(16,'Y','Is it easy to translate the product without having any ambiguity?',30),(17,'Y','Does the application provide the basic information about the software parameters required to adaptation?',30),(18,'Y','Does the application is opensource or lincesed ?',31),(19,'Y','Does the application is able to install in all environment?',31),(20,'Y','Is it compatible to 32bit and 64 bit ?',31),(21,'Y','Does the  application meet the all the browser requirements?',31),(22,'Y','Does the  application meet the all the operating system requirements?',31),(23,'Y','Does the application meet all the memory and RAM requirements?',31),(24,'Y','Have all the installtion procedures been correctly stated and understood ?',31),(25,'Y','Have all the uninstalltion procedures been correctly stated and understood ?',31),(26,'Y','Is the application requires to access from Admin while  installing and uninstalling?',31),(27,'Y','Have all the basic and secondary requirements been correctly presented prior to installing and unstalling ?\"',31),(28,'Y','What is the current Service Level Objectives (SLO) that you have set for your IT infrastructure?\"',31),(29,'Y','What do you measure and track the installtion time? (This would help us structure Service Levels for you with your business IT users)\"',31),(30,'Y','Do you have your installtion components covered under a product / service warranty or Hardware contracts?\"',31),(31,'Y','Does your organization have a installion  plan or sites / organization from an IT perspective?',31),(32,'Y','Are there currently any single point of installion  failures in your IT infrastructure,with respect to the service levels and uptime expectations? \"',31),(33,'Y','What applications in your IT infrastructure would you term as  \"\"Essay to install? Do they follow certain producers ?\"',31),(34,'Y','What applications in your IT infrastructure would you term as \"\"Difficult to install\"\" Do they follow certain producers ?\"',31),(35,'Y','How frequent the installed software is used for development ?',31),(36,'Y','How much time enduring to install the software ? Transferability,Installability',31),(37,'Y','Are there any two way or three way authentication available to authenticate users ( other mechanisms are used (e.g. certificates,token, biometric, etc)\"',31),(38,'Y','Is the system administrator given the priviledge to include or exclude certain modules within the application?',31),(39,'Y','Is there a connection medium used to establish the remote support (Eg: VPN, Dail-UP, BtoB VPN using IPSEC)?\"',31),(40,'Y','Do we have the internet  Usage policy?',31),(41,'Y','Are there well defined protocols for the WLAN?',31),(42,'Y','Is the contract between the network provider and LTI is well defined protection mechanism  in relation to insatllation ?\"',31),(43,'Y','Is there a way to ensure all the devices such as laptop and desktop are up to date?',31),(44,'Y','Are  required standards defined for patch management?',31),(45,'Y','can parts of the product be re-used elsewhere?',31),(46,'Y','Are the replaceable procedures  specified are meaningful and do they address the root cause?\"',32),(47,'Y','How do the end-users and managers feel about the problem while replacing the application?\"',32),(48,'Y','Does the applcation is able to replace in all earlier specified environment?',32),(49,'Y','What skills will operators need to be trained in? ',32),(50,'Y','What tools are required to support to replace the product? ',32),(51,'Y','Does the replacing component available? Do we get  same output  in all the environments?',32),(52,'Y','Is it  necessary to apply methodology to analyze software replaceability and guide building replaceable system at the beginning of  phase?',32),(53,'Y','Is there schedule overrun and is it  analyzed & controlled ?',32),(54,'Y','\"Are action identified/Implemented for Client feedback, Complaint, CSI ?\"',32),(55,'Y','Is replacing  work planning  available with responsibility assigned for each task ?',32),(56,'Y','Is  communication frequency defined about the replacement?',32),(57,'Y','Is there effort overrun and is it  analyzed & controlled ?',32),(58,'Y','Is there schedule overrun and is it  analyzed & controlled ?',32),(59,'Y','Is the replacement task well placed to achieve all contractual commitments (technical/Non technical ?',32),(60,'Y','How is the work products replacment happening? Are they sufficiently checked and confirmed about application ussage before replacing?\"',32),(61,'Y','Are the replacing products checked/audited by the quality personnel before the replacing in client system?\"',32),(62,'Y','Is there sufficient time to perform the replacing of the modules as planned? ',32),(63,'Y','Is there stability in the functionality and design in other modules , while the replacing  is in progress?\"',32),(64,'Y','\"Does the development team have enough experience in the replacing  technology, platform or tools? \"',32),(65,'Y','Is there a mechanism to identify the vulnerabilities?',32),(66,'Y','Does the product comply with common interfaces or official standards?',32),(67,'Y','Are there back-up and retrieval process in place for critical data?',32),(68,'Y','Do we have data retention policy in place (both hard and soft copies) in order to install the new software?\"',32),(69,'Y','Has the scope and out of scope bean properly defined ?',1),(70,'Y','Have the requirements bean aligned with the business problem and properly captured and understood ?',1),(71,'Y','Have the requirements been put into user stories convering the smallest unit possible of business ?',1),(72,'Y','Have the dependencies between user stories correctly stated ?',1),(73,'Y','Are the postive and negative flow of user stories covered for exception handling ?',1),(74,'Y','Is the workflow completely defined in terms of user stories ?',1),(75,'Y','Have the non-functional requirements been correctly stated and understood ?',1),(76,'Y','Is the requirement traceability matrix maintained and upto date ?',1),(77,'Y','Has the business problem been correctly stated and understood by stakeholders ?',1),(78,'Y','Whether the Quality requirements of the product are obtained?',1),(79,'Y','Whether the authentication functionality is working as per expectation?',1),(80,'Y','Whether are requirements are allocated to one or more functions to implement it?',1),(81,'Y','Whether the Allocated requirements are documented in lower level requirements documents or specifications that apply to parts of a project?',1),(82,'Y','Whether  the larger functions are divided into different tasks ?',1),(83,'Y','Whether the inputs and outputs that are identified for functions are obtained?',1),(84,'Y','Is each user story / use case mapped to test scenario / test case and througly tested',2),(85,'Y','\"Is the incoming and outgoing connectivity well defined , so that system is compatible with the interfaces ?\"',2),(86,'Y','Is this a zero defect delivery ?',2),(87,'Y','\"Is the level of known issues / defects defined , understood and accepted by the client ?\"',2),(88,'Y','Whether the newly added requirement are added to userstories?',2),(89,'Y','Whether the inputs and outputs that are not obtained are corrected based on requirements?',2),(90,'Y','Whether the design/requirement contains error flow?',2),(91,'Y','Has the functional aspect as well as technical aspect of user stories been properly tested and documented ?',3),(92,'Y','Is the level of exposure of data completely defined for different user profiles ?',3),(93,'Y','Are the risks well defined in terms of complaince with upcoming / existing regulations and compatibilit with technicl architecture ?',3),(94,'Y','Are the user stories in line with legal / regulatory environment ?',3),(95,'Y','Are the user stories in line with industry / region standards and standard catalogues ?',3),(96,'Y','Is the user administration taken care of ?',3),(97,'Y','Are all the field prompts spelt correctly?',17),(98,'Y','Is all the micro help text spelt correctly on this screen?',17),(99,'Y','Is all validation/error messages spelt correctly?',17),(100,'Y','Is all user input captured in upper/lower/both case consistently?',17),(101,'Y','\"If a field has default value, then is that displayed in screen?\"',17),(102,'Y','Are appropriate page specific buttons and general operational buttons are available for each page?',17),(103,'Y','Is there any unused control/label?',17),(104,'Y','Are labels and names indicate technical terms or user understandable words?',17),(105,'Y','\"Whether option boxes, option buttons and command buttons are logically grouped together in clearly demarcated areas?\"',17),(106,'Y','\"While designing a screen to address one requirement, is there any need of new screen/requirement (implicit) arises so that the screen is user friendly, which need to be estimated (example – search option in case of huge list in combo box)?\"',17),(107,'Y','Whether user can perform intended function of the page without anybody’s help? If \'no\' then required help is provided in the same page?',17),(108,'Y','Is \'Search\' and \'Sorting\' facility addressed on needing base? (Alphabetic sorting is the default unless otherwise specified)',17),(109,'Y','Are controls having proper length and width so that their labels are clear without truncation (for different monitor size)?',17),(110,'Y','\"When there is a preferable range of value/s available in screen, are they selected by default or highlighted in some way so that user understands it?\"',11),(111,'Y','\"There are few options available for selection in screen and as per requirement majority of users select a particular option, then by default that value/s is/are selected?\"',11),(112,'Y','\"When there are multiple rows for selection, ‘Select/unselect All’ option is provided?\"',11),(113,'Y','\"Is common name used for same entity across pages?',11),(114,'Y','\"When 2 or more screen are having the same set of data for display/user input, whether they look alike with respect to grouping of data, placement, color etc?\"',11),(115,'Y','Does home page has information on overall application /resolution /company information?',11),(116,'Y','\"Are status of different items/tasks indicated based on relevance in screen?',11),(117,'Y','\"If user task is pending on any item, then whether are indications available in screen for logged in used, based on action to be done?',11),(118,'Y','\"Is there any alert available for logged in user based on relevance/requirement?',11),(119,'Y','\"If functionality in a screen requires any document as reference while filling the details, then provision to keep it open and then fill the details is available?',11),(120,'Y','Is change of screen resolution is affecting the application drastically? If \'yes\' then proper information is conveyed to user? ',11),(121,'Y','Is (minimum) Online Help available to the user for all basic commands and controls?',11),(122,'Y','Are all read-only fields avoided in the TAB sequence? ',11),(123,'Y','Are all disabled fields avoided in the TAB sequence?',11),(124,'Y','Are the screen and field colors adjusted correctly for read-only mode (user is able to identify read-only fields in screen)?',11),(125,'Y','Are all fields and controls disabled in read-only mode (Are validations are not removed in screen for read only controls and fields?)?',11),(126,'Y','Whether components are enabled/disabled based on need?',11),(127,'Y','For View only screens whether text boxes or other controls editable or clickable?',11),(128,'Y','BreadCrums: Using should know the navigations how he ends at the respective page and should also go back to a step navigation?',11),(129,'Y','Help pages when needed for complex functionality and help icons should be easily seen next to the headers',11),(130,'Y','\"Uniform design,Indentations,Pages and similar colors & fonts across pages.\"',11),(131,'Y','Have used google Analytics or tools to check the navigation flow by users and page hits?',11),(132,'Y','Is UI according to targeted Age group?   Ex: If the product is for old age users then it should be easily understanding for all the help pages',11),(133,'Y','How easy is to change the themes of the page and usage of SCSS',11),(134,'Y','Are navigation of pages happening from pop-ups?',11),(135,'Y','Is proper User error handling mechanism implemented & used in all pages?',11),(136,'Y','\"If custom tags are used, then what all are the attributes.\"',11),(137,'Y','The application installs easily in a minimum number of steps',11),(138,'Y','\"The installation of application is self explanatory, in case it needs assistance then Installation Guideline is provided.\"',11),(139,'Y','\"Installation guideline goes step by step, in exact way application has to be installed, giving the action by the person doing installation.\"',12),(140,'Y','\"If the application uses a disk cache, it also registers with the Disk Cleanup utility.\"',12),(141,'Y','The application does not install icons to the Windows desktop without the user\'s permission.',12),(142,'Y','The application works correctly if the user increases the size of the default font.',12),(143,'Y','The application\'s uninstall process leaves no remaining files or registry entries other than files created by the user.',12),(144,'Y','The application has its own database connection user id and password for security purpose.',12),(145,'Y','\"The database connection string, user id, password and other connection details are configurable.\"',12),(146,'Y','Back end jobs are installed with minimum number of steps.',12),(147,'Y','\"Schedulers are installed with minimum number of steps. If many schedulers are involved, then installation of these is automated.\"',12),(148,'Y','\"Interface with other applications are automated, they don\'t require manual intervention for communicating to each other.\"',13),(149,'Y','Master data are configurable using Admin options to the extent possible.',13),(150,'Y','\"XML and other file inputs are in application specific folder, created during installation, not manual creation. If this file input is from another application/interface, then the path is configurable.\"',13),(151,'Y','User-generated data files are stored by default in the My Documents folder or a specific folder within application folder which need not be created by user manually.',13),(152,'Y','The application does not write files to the root of the hard disk.',13),(153,'Y','\"Mail server configuration doesn\'t require code change, it is configurable externally.\"',13),(154,'Y','\"If the application is highly database driven, then stored procedures are used for communicating to database.\"',13),(155,'Y','The installation guideline provides the Hardware/Software specifications as per requirement.',13),(156,'Y','\"The required supporting DLLs are installed along with main, single installable.\"',13),(157,'Y','The stored procedures are installed along with database using specific database server restore command/s with minimal steps.',13),(158,'Y','Does Standard page header is used in all the pages?',13),(159,'Y','Is Header Contains Application Name?',13),(160,'Y','Is Header Contains User Information?',13),(161,'Y','\"Is Header Contains Common links - Logout, Change Password, Update Email Id, Home , \"',13),(162,'Y','Is Header contains Company Logo?',13),(163,'Y','Is screen background is uniform across the pages?',13),(164,'Y','Does all windows have consistent look and feel?',13),(165,'Y','Does all dialog boxes have consistent look and feel?',13),(166,'Y','\"Does Left & right margins of the controls, starting positions from top, in the screen are same and these margins are consistent on all the screens?\"',13),(167,'Y','Is label fonts are uniform across pages and appropriate font is assigned based on significance/type of label?',13),(168,'Y','Whether graphics add to page loading time heavily?',13),(169,'Y','Whether graphics are in eye-tiring color?',13),(170,'Y','Whether graphics/icons are intuitive/self-explanatory?',13),(171,'Y','Whether graphics are of appropriate height/width?',13),(172,'Y','\"Does command buttons have similar size and shape, and same font & font size?\"',13),(173,'Y','\"Are row-column headers (in tables/grids) are uniform in color, font, case?\"',13),(174,'Y','\"Is alignment of column headers, row headers, values are uniform across pages in tables and grids?\"',14),(175,'Y','Whether tables/grids are placed in proper positions?',14),(176,'Y','\"Are buttons placed uniformly in all screens? Example: Save button may be common in all places; it should be of same look and should be in same position in all screens.\"',14),(177,'Y','Are all character or alphanumeric fields left justified? This is the default unless otherwise specified.',14),(178,'Y','Are all numeric fields right justified? This is the default unless otherwise specified.',14),(179,'Y','Whether all controls have proper title based on functionality they do?',14),(180,'Y','Is command/option button has proper names? In case of short names is proper help is given?',14),(181,'Y','\"Does separate labels are used to explain functionality when buttons are self-explanatory? (Example – when button has search caption, no separate label is required)\"',14),(182,'Y','Does drop down has huge list of data?',14),(183,'Y','Does selection of first item in drop down by default is consciously done based on relevance/requirement?',14),(184,'Y','\"Does drop down are populated uniformly? Example: One drop down has value selected by default. Another has ‘***’ as first entry’. Another has ‘Select’ as first entry.\"',14),(185,'Y','Does sorting the drop down list is done based on relevance/requirement? (Alphabetic sorting is the default unless otherwise specified)',14),(186,'Y','\"If on selection of an item from combo the page is to be refreshed with related data, then it should be done on click of combo. After selection from combo, if we are displaying new page, then use a Go button or Submit button. Whether this is taken care?\"',14),(187,'Y','List boxes-multiple selection is allowed based on requirement/relevance?',14),(188,'Y','\"In a page, does all-important data in screen available without scrolling?\"',14),(189,'Y','Is horizontal scrolling is avoided to maximum extent?',14),(190,'Y','Is scrolling is given for tables/grids based on amount of data?',14),(191,'Y','Is it required to scroll page for every scroll of grid? ',14),(192,'Y','\"When there is scrolling, whether the page/table/grid headers are also scroll? (This makes user to miss header information)\"',14),(193,'Y','Do all the fields edit boxes indicate the number of characters they will hold by their length? e.g. a 30 character field should be a lot longer',14),(194,'Y','Do all the fields edit boxes indicate the number of characters they will hold by their length? e.g. a 30 character field should be a lot longer',14),(195,'Y','\"Is the user required to fix entries, which have failed validation tests?\"',14),(196,'Y','Have any fields got multiple validation rules and if so are all rules being applied?',14),(197,'Y','Is all the business validations are taken care?',14),(198,'Y','Blank and Non blank data are validated properly using trim?',14),(199,'Y','\"Does based on filed type, relevant character entry validated?\"',14),(200,'Y','Is email id is validated using standard email format?',14),(201,'Y','\"If a filed doesn’t take null value in database, then in screen whether it takes null?\"',14),(202,'Y','Are texts are allowed with space as prefix/post-fix in screen? Is ‘yes’ then while inserting into database are they trimmed?',14),(203,'Y','If the user enters an invalid value and clicks on the OK button (i.e. does not TAB off the field) is the invalid entry identified and highlighted correctly with an error message?',14),(204,'Y','Is validation consistently applied at screen level unless specifically required at field level?',14),(205,'Y','\"After validation, cursor focus given for respective field?\"',14),(206,'Y','Mandatory fields are indicated?',14),(207,'Y','Do all mandatory fields require user input (is there any check to see that the fields indicated as mandatory are not accepting blank entries)?',14),(208,'Y','\"Is validation messages are given one after the other so that user has to correct one by one as they come up or user will understand at once what are wrong? (Default is to validate together, unless specified)\"',14),(209,'Y','\"User enters all data and submits the page. Now one of the validations is failed. With error message, whether previously entered values get cleared?\"',15),(210,'Y','The control goes to server in web application depending on specific requirement. The response time is within specified time as per requirement.',15),(211,'Y','Whether validation messages are appearing at eye-catching place?',15),(212,'Y','Does user need to scroll to see validation/error message?',15),(213,'Y','Whether validation messages are appearing at same place except for exceptional cases (preferably at LHS top corner after header)?',15),(214,'Y','Are the message follow a common format with respect to case and failed field indication?',15),(215,'Y','\"Are messages are classified to indicate information, alert/caution, permission, minor error, major error and they are different in look and feel?\"',15),(216,'Y','Whether errors that need admin support are routed properly in screen with proper message and admin URL/email-id?',15),(217,'Y','For all character/alphanumeric fields check the field to ensure that there is a character limit specified and that this limit is exactly correct for the specified database size? (may be during validation or while keying in)?',15),(218,'Y','Whether special characters are eliminated based on need?',15),(219,'Y','\"If a set of radio buttons represents a fixed set of values such as A, B and C then what happens if a blank value are retrieved from the database? (In some situations rows can be created on the database by other functions, which are not screen based, and thus the required initial values can be incorrect.)\"',15),(220,'Y','Is restricting length is resulting into truncation of data because of wrong length specification?',15),(221,'Y','Confirmation message given before deleting records?',15),(222,'Y','Is multiple login allowed based on requirement?',15),(223,'Y','Is role based access given for different operation/menu based on requirement?',15),(224,'Y','The screen resizing and minimizing is provided to application based on relevance/need/requirement?',15),(225,'Y','When the user Alt+Tab\'s to another application does this have any impact on the screen upon return to the application?',15),(226,'Y','Does Menu names are meaningful and convey functionality?',15),(227,'Y','Does menu are divided based on functional relevance?',15),(228,'Y','Individual page gets loaded within acceptable time limits as per requirement for all pages of application.',15),(229,'Y','Is need of Back/Cancel button is identified and provided at required place?',15),(230,'Y','Is Back/Cancel is navigating to correct page when there are multiple level of Back/Cancel operations?',16),(231,'Y','\"Whether the user has to type too lengthier URL to get the main screen of the application? (The best way would be just typing application name, avoid lengthier URLs)\"',16),(232,'Y','Is short cut for different operations available in screen (combination of function-keys/alphabets with control or alt)? ',16),(233,'Y','If short cuts are available then are they contradictory to normal windows convention?',16),(234,'Y','\"Are there duplicate short cut keys available? (Ensure that the application is not confusing the user with same set of keys, mapping to different functionalities in different/same screens. Also for the same function avoid having different set of keys in 2 different screens.)\"',16),(235,'Y','\"If there is a Cancel Button on the screen, then pressing <Esc> is activating it? (Normally escape means cancel)\"',16),(236,'Y','\"When <Esc> is provided is there caution message to indicate changes will be lost, wherever applicable?\"',16),(237,'Y','\"Are all buttons accessible upon tab press? (Barring exception like control specific buttons-select, unselect etc)\"',16),(238,'Y','\"Is pop-up/child windows are modal/non-modal based on relevance?Example:Windows like date picker and search may be modal windows where in Export to excel and some help information may be non-modal.\"',16),(239,'Y','Can a number of instances of this screen be opened at the same time and is this correct?',16),(240,'Y','Is the screen modal? I.e. is the user prevented from accessing other functions when this screen is active and is this correct?',16),(241,'Y','Can the screen be accessed correctly from the menu?',16),(242,'Y','Can the screen be accessed correctly from the toolbar?',16),(243,'Y','Is the data saved when double clicking on the close box closes the window?',16),(244,'Y','\"When log out happens forcefully in case of exceptions, is browser back enables user to access then application again?\"',16),(245,'Y','Is Maturity evaluation is to imporve the system?',4),(246,'Y','Is Maturity predictability and risk?',4),(247,'Y','\"Does appliacton\'s giving the exact result ,when we are running the same test case in  different time zones?\"',5),(248,'Y','Does the application\'s home page load quickly?',5),(249,'Y','Does Powe back having the system or network adapter ?',6),(250,'Y','Does power back up is coonnected to system or not?',6),(251,'Y','is Running backups on daily basis or monthly basis?',6),(252,'Y','\"is Having a second device,  computer or network components available?\"',6),(253,'Y','Does network is connected to an Internet then installing firewalls can be a wise way to avoid the virus?',6),(254,'Y','Does operating system and any running programs have the latest updates?',6),(255,'Y','Backup& Restore Policy',7),(256,'Y','\"what is the retention Policy, No of days backup will be available on system or on tape\"',7),(257,'Y','Does Disaster recover server is configure in high avalibity &there geographicaly location & if primary server failed then how much it will take to bring up the secondary server.',7),(258,'Y','Hardaware vendor policy and system supplier could not give due attention to the problem & no back up system supplier existed.',7),(259,'Y','\"System down due to the hardware failer & need to replace the hardware then, What will be the hardware replacement policy.\"',7),(260,'Y','how much time is needed to fully reslove the problem',7),(261,'Y','how many applications or services are running on the each server',7),(262,'Y','Does committed hours of avaibility target?',7),(263,'Y','Does Outage hours allowed permonth.?',7),(264,'Y','why back up has not be scheduled ',7),(265,'Y','how do you bring back  the server data when their has been hardware failer.',7),(266,'Y','Policies are in place prescribing backup and recovery procedures.',7),(267,'Y','All members understand the recovery plan and their duties during recovery.',7),(268,'Y','System restore procedures are known to at least one trusted party outside the practice.',7),(269,'Y',' A copy of the recovery plan is safely stored off-site.',7),(270,'Y',' Files identified as critical are documented and listed in the backup configuration.',7),(271,'Y',' Backup schedule is timely and regular.',7),(272,'Y',' Every backup run is tested for its ability to restore the data accurately.',7),(273,'Y',' Backup media are physically secured.',7),(274,'Y',' Backup media stored off-site are encrypted.',7),(275,'Y',' Backup media are made unreadable before disposal.',7),(276,'Y',' Multiple backups are retained as a failsafe',7),(277,'Y','Are test conditions created under the proper Version?',23),(278,'Y','Are test conditions mapped to the Requirement Traceability Matrix id?',23),(279,'Y','Check for each requirement whether priority Isassigned?',23),(280,'Y','Is the Language Consistent?',23),(281,'Y','\"Are test cases having  proper Step Name, Description and Expected result?\"',23),(282,'Y','Are test steps properly numbered (if applicable)?',23),(283,'Y','Check whether the description and expected result are not generic and its specific to the requirement ?',23),(284,'Y','Check whether the Expected Results have only the Verification Points mentioned and not  steps to be performed?',23),(285,'Y','\"While deleting a test folder, ensure to select correct option depending on whether test cases inside the folder need to be deleted?\"',23),(286,'Y','Check whether test cases are mapped to appropriate test set folder?',23),(287,'Y','\"Ensure that the tester who finds the defect needs to track the defect flow conforming to log, track, retest, confirm fix and close it?\"',23),(288,'Y','Check whether the Author had followed the Defect Cycle till the Closure of the Defect?',23),(289,'Y','Check whether defects/ comments are mentioned for every step/Test case (Whichever is applicable) that fails?',23),(290,'Y','Defect closing comments should be properly defined?',23),(291,'Y','Check whether the attachments have proper description in the attachment tab?',23),(292,'Y','To perform a report validation ensure that scripts are run from Test lab?',23),(293,'Y','Ensure that  defects are logged from test lab with proper evidences?',23),(294,'Y','Is there a common data sharing platform?',23),(295,'Y','If yes what are the modules (application used for data sharing )?',23),(296,'Y','Is there a standard data exchange format defined ?',23),(297,'Y','Is there a a vision to convert an external non standard format to a standard format ?',23),(298,'Y','Is there a common access framework within each of the component in oder to have inter operatability?',23),(299,'Y','Is there a common authentication / authorization ?',23),(300,'Y','In case of different coexisting version of application features are those feature backward compatible ?',23),(301,'Y','Is the application made up of loosely coupled components which can be pluggable and independent ?',23),(302,'Y','Is the application / product compatible with overall enterprise  landscape ? With regards to hardware and software ?',23),(303,'Y','Is the application / product compatible with multiple operation system?',23),(304,'Y','\"does the application support multiple device tyse like mobile , personal computer ,tablet?\"',23),(305,'Y','Has localization, internationalization been considered in the design of the application ?',23),(306,'Y','Dose the application support multi goal enhancement ?',23),(307,'Y','\"Is there a standardization of the business field across different application, to support eaqsy aggregation ?\"',23),(308,'Y','Are the folders named appropriately as per standards? ',24),(309,'Y','Check whether the Test Plan is linked to respective requirements?',24),(310,'Y','Check whether the Test Plan is divided into appropriate Modules.',24),(311,'Y','Are test cases prepared inside the appropriate sub folders under the root folder?',24),(312,'Y','Is appropriate naming convention followed for the test case?',24),(313,'Y','Are all defects linked with appropriate test cases?',24),(314,'Y','Is confidentiality/user privacy protected?',18),(315,'Y','Does the site prompt for user name and password?',18),(316,'Y','\"Does site ask for personal information of children? If so, is it acquired through secure pages?\"',18),(317,'Y','Are concurrent log-ons permitted?',18),(318,'Y','Does the key/lock display on status bar for insecure/secure pages?',18),(319,'Y','Does the application/servers locks the user accounts who is trying to access  your site multiple times with invalid login/password',18),(320,'Y','Does the key/lock display on status bar for insecure/secure pages?',19),(321,'Y','\"Test plan should also include a check for controls like packet filtering, firewall, host based intrusion detection system, network based intrusion detection system and proxies \"',19),(322,'Y','\"If using Digital Certificates, test the browser Cache by enrolling for the Certificate and Completing all of the required security information. After completing the application and installation of the certificate, try using the <-- Backspace key to see if that security information is still residing in Cache. If it is, then any user could walk up to the PC and access highly sensitive Digital Certificate security information.\"',19),(323,'Y','Does the application include time-outs due to inactivity?',19),(324,'Y','\"In SSL, verify the encryption done when client and server exchange public keys, allowing them to encode and decode communication.\"',22),(325,'Y','Do the test plans for the system include tests to verify that security functionality has been properly implemented?',22),(326,'Y','\"Is Right Click, View, Source disabled?\"',22),(327,'Y','What happens when time out is exceeded? Are users still able to navigate through the site? ',22),(328,'Y','Evaluate the design of the network and system under test',22),(329,'Y','Check the IP address to avoid testing the wrong servers',22),(330,'Y','\"If the system is rated high on the business effect assessment or if it is Internet facing, has the company security office been consulted to determine whether or not additional security testing is required?\"',20),(331,'Y','Relevant information is written to the log files and that the information is traceable. ',20),(332,'Y','Are you prevented from doing direct searches by editing content in the URL? (SQL injection)',20),(333,'Y','\"Application evaluation include the lack of source code, lack of documentation, and\"',20),(334,'Y','Unwillingness of business owners',20),(335,'Y','Relevant information is written to the log files and that the information is traceable. ',21),(336,'Y','In SSL verify that the encryption is done correctly and check the integrity of the information.',21),(337,'Y','Scripting on the server is not possible to plan or edit scripts without authorization. ',21),(338,'Y','Have you tested the impact of Secure Proxy Server?',21),(339,'Y','Have you verified the use of 128-bit Encryption?',21),(340,'Y','Do the test plans for the system include tests to verify that security functionality has been properly implemented?',21),(341,'Y','Server evaluation to focus on the operating system and server configuration.',21),(342,'Y','Are the user name and password guideline in place?',18),(343,'Y','After logging what kind of information stored in cookies?',18),(344,'Y','How the session and local storage are implemented?',18),(345,'Y','\"do you have all system related info such as s/w, h/w technology\"',18),(346,'Y','what kind privacy measures define for your project?',18),(347,'Y','Is load balancer and ip whitelisting is used?',18),(348,'Y','Are you checking defined user role have intern deal right?',18),(349,'Y','Is any secured information is passed in url using query parameter?',18),(350,'Y','After session logged out is all data on browser like cookies cache are cleaned.',20),(351,'Y','does password encrypt?',22),(352,'Y','does your system require authentication for an access?',22),(353,'Y','Apart from user name and password do you have any other securtity layer like bio metrics?',22),(354,'Y','How do you provision to lock after multiple wrong attempts? how many wrong attempts allowed?',22),(355,'Y','Do you no ports to access the application?',22),(356,'Y','What is format of error message?',22),(357,'Y','Is there categorization of user and their role?',22),(358,'Y','What happen when timeout is exceed? Are user still able to navigate through the site?',19),(359,'Y','Can you access previous session by changing details in url?',19),(360,'Y','Is cookies secured or not?',19),(361,'Y','Is right click allowed? if yes view source code option is enabling or not?',19),(362,'Y','Does your application allow multiple session at a time?',19),(363,'Y','Does it get logged off automatically? what is time frame defined?',19),(364,'Y','After logged out does it allow to go back to previous session.',19),(365,'Y','Is it opening last session if we are not sign out from last session?',19),(366,'Y','Is security testing done by external firm or agency?',21),(367,'Y','Are the requirements collected properly?',27),(368,'Y','Is the requirement specification template is used ?',27),(369,'Y','What is the code coverage(i.e)Risk assesment before and after deployment?',27),(370,'Y','Are the system requirement analysis ready to deploy the changes?',27),(371,'Y','Are the functianlities developed as per FRD ?',27),(372,'Y','Are the input and output parameters are as per FRD?',27),(373,'Y','Is the architecural design followed as per SDD?',27),(374,'Y','Has Development coding standards followed ?',27),(375,'Y','Has Client coding standards followed ?',27),(376,'Y','Are the test cases and documentation prepared?',27),(377,'Y','Is Legal Impact analysis document ready?',27),(378,'Y','Is the roll out plan ready?',27),(379,'Y','Is the roll back plan ready in case of any failures?',27),(380,'Y','Is the fix in roll back plan is temporary?',27),(381,'Y','Does the test environment checked and compared with production?',27),(382,'Y','Is the client security policy checked before deployment?',27),(383,'Y','Is the system downtime required?',27),(384,'Y','Does the downtime is estimated less than a day or less?',27),(385,'Y','Are the softwares and hardwares to be used analysed?',27),(386,'Y','Is the risk assesment ready?',27),(387,'Y','Is daily maintenance planned?',27),(388,'Y','Do all the entry points and exit points points are defined?',27),(389,'Y','Are the errors and exceptions are defined and handled accordingly?',25),(390,'Y','Does the technical solution document has traceability to all the business requirements',27),(391,'Y','Is Service catalogue/service repository available for the project? ',26),(392,'Y','Is there any specific tools used to maintain the repository?',29),(393,'Y','Do you have traceability matrix from services/components to functional requirements/test caes?',29),(394,'Y','Did the different components used were de-looped?',25),(395,'Y','Are there any integration patterns used?',25),(396,'Y','Are there any BPMN models used?',25),(397,'Y','Have you built services as per the business process functionality?',25),(398,'Y','Have you followed canonical model for re-usable services/components?',25),(399,'Y','Have you defined the security aspect of the re-usable service?',25),(400,'Y','\"In case of reusable services,is there any virtualization component defined for exposing it on different integration pattern?\"',25),(401,'Y','Do you use any estimation tools/templates for the project?',27),(402,'Y','Is your code modifiable? ',27),(403,'Y','Is your application easy to migrate to newer versions?',28),(404,'Y','Is the modification required to be backward compatible or its earlier version must be shutdown?',28),(405,'Y','Does the system requires manual support to withstand further?',27),(406,'Y','\"Check the memory utilization, CPU utilization, caching etc. of the system while gradually moving towards the stress point. In idea situation the system should degrade gracefully and not abruptly\"',9),(407,'Y','\"Gradually increase the load (no of users) on the system till and beyond its maximum Capacity to check the breaking point of the system i.e., up to the point where the system gets down\"',10),(408,'Y','Is the application or certain features going to be used only during certain periods of time or will it be used continuously 24 hours a day 7 days a week? Test that the application is able to perform during those conditions. Will downtime be allowed or is that out of the question? ',8),(409,'Y','Verify that the application is able to meet the requirements and does not run out of memory or disk space.',10),(410,'Y','\"Does the system degrade gracefully, not catastrophically, when it is pushed up to and beyond, its planned maximum capacity?\"',10),(411,'Y','\"Does the system maintain performance and reliability levels over extended periods of use, for example, after running 24*7? (Endurance Testing)\"',8),(412,'Y','At what point does performance degradation occur? (Capacity Planning)',10),(413,'Y','\"Check for different kinds of workloads: Spike, Stepped and Gradual Ramp-up\"',10),(414,'Y','Does the home page load quickly? ',8),(415,'Y','Run the script for a nominal load as decided in the test strategy',10),(416,'Y','Are the scripts running error free?',9),(417,'Y','Is the system user friendly?',9),(418,'Y','\"Does the system meet its goals for response time, throughput, and availability? (as defined in requirements)\"',9),(419,'Y','\"Performance of memory, CPU, file handling etc.\"',9),(420,'Y','\"Does the system degrade gracefully, not catastrophically, when it is pushed up to and beyond, its planned maximum capacity?\"',10),(421,'Y','How do we arrive at SLAs?',8),(422,'Y','How are the server’s setup in production?',10),(423,'Y','Is the system reliable under heavy load?',10),(424,'Y','What is the excepted uptime of the application?',8),(425,'Y','What is the allowed down time of the application?',8),(426,'Y','Do you know when the system breaks down?',10),(427,'Y','Do you know the new version of the software affect response time and throughput?',8),(428,'Y','Is configuration sizing rightly done to achieve best performance level? If includes server and network configuration',9),(429,'Y','How system capacity tested and planed? When maximum number of user trying to use the application then how the system behaves?',10),(430,'Y','Prepare the list of all  Business process in the application along with its criticality',9),(431,'Y','Checkpoints in the system workflow where there is heavy demand (Check for rendezvous point)',9),(432,'Y','a. System uses likely to consume a high level of system resources per event regardless of how frequently the event occurs',9),(433,'Y','b. Timing critical or Timing sensitive system uses',9),(434,'Y','c. Most popular system uses(frequently accessed)',9),(435,'Y','Likely Bottlenecks and its causes(Bottleneck identification)',9),(436,'Y','Which configuration provides the best performance level?(Configuration Sizing)',9),(437,'Y','The application under test should be functionally stable and correct.',8),(438,'Y','Whether the expected concurrent number of users are able to access the application at a time. ',8),(439,'Y','Increase the number of users gradually till the maximum expected load is attained.',8),(440,'Y','Does the application\'s Home page load quickly? ',8),(441,'Y','\"Is load time appropriate to content, even on a slow dial-in connection?\"',8),(442,'Y','\"Does the system meet its goals for response time, throughput, and availability?(as defined in requirements)\"',8),(443,'Y','Have you defined standards for response time (i.e. all screens should paint within 10 seconds)?',8),(444,'Y','\"Does the system operate in the same way across different computer and network configurations, platforms and environments, with different mixes of other applications\"',8),(445,'Y','Does a new version of the software adversely affect response time and throughput?(Regression)',8),(446,'Y','For lower volumes of database check for the system response when there is minimum data in the database. On lower volumes the system should have a faster response.',8),(447,'Y','Do timeouts occur? This might lead to failures',8),(448,'Y','Does the system slow down too much?',8),(449,'Y','Are data lost or written without warning?',8),(450,'Y','Can the site sustain long periods of usage by multiple users?',10),(451,'Y','Can the site sustain long periods of continuous usage by 1 user?',10),(452,'Y','Is page loading performance acceptable over modems of different speeds?',10),(453,'Y','How reliable is the system under heavy work load?(Reliability)',10),(454,'Y','\"Is the system scalable so that it can be upgraded in the future to accommodate the projected growth, without creating per item processing costs?\"',10),(455,'Y','\"To check whether the system can handle the gradual increase in volume of data, by keeping the load (no of users) constant.\"',10),(456,'Y','Will the site allow for large orders without locking out inventory if the transaction is invalid?',10),(457,'Y','Can the site sustain large transactions without crashing?',10),(458,'Y','Is the system is run with maximum amounts of data?',10);